email,grade,password,subject,username
ubruneton0@mayoclinic.com,51,$2a$10$3x22tx.a6KFA/dW8Tayjeu9kByGZLUGbBPzAm4hyHhhpvOjK8RQXe,physics,ashinefield0
acutridge1@rediff.com,NULL,$2a$10$3x22tx.a6KFA/dW8Tayjeu9kByGZLUGbBPzAm4hyHhhpvOjK8RQXe,physics,ebarrell1
mcheesley2@tamu.edu,75,$2a$10$3x22tx.a6KFA/dW8Tayjeu9kByGZLUGbBPzAm4hyHhhpvOjK8RQXe,physics,djedraszek2
mborgars3@ftc.gov,19,$2a$10$3x22tx.a6KFA/dW8Tayjeu9kByGZLUGbBPzAm4hyHhhpvOjK8RQXe,physics,cstapford3
nsleaford4@sfgate.com,43,$2a$10$3x22tx.a6KFA/dW8Tayjeu9kByGZLUGbBPzAm4hyHhhpvOjK8RQXe,maths,apurslow4
agrabban5@admin.ch,74,$2a$10$3x22tx.a6KFA/dW8Tayjeu9kByGZLUGbBPzAm4hyHhhpvOjK8RQXe,physics,cskamell5
jfibbit6@eventbrite.com,NULL,$2a$10$3x22tx.a6KFA/dW8Tayjeu9kByGZLUGbBPzAm4hyHhhpvOjK8RQXe,chemistry,vbeasley6
wteal7@bandcamp.com,60,$2a$10$3x22tx.a6KFA/dW8Tayjeu9kByGZLUGbBPzAm4hyHhhpvOjK8RQXe,physics,dlowis7
gsneaker8@latimes.com,99,$2a$10$3x22tx.a6KFA/dW8Tayjeu9kByGZLUGbBPzAm4hyHhhpvOjK8RQXe,physics,gceller8
bdodgshon9@webmd.com,48,$2a$10$3x22tx.a6KFA/dW8Tayjeu9kByGZLUGbBPzAm4hyHhhpvOjK8RQXe,physics,qdanko9
sguestea@example.com,15,$2a$10$3x22tx.a6KFA/dW8Tayjeu9kByGZLUGbBPzAm4hyHhhpvOjK8RQXe,physics,araspisona
mdunkinsonb@histats.com,50,$2a$10$3x22tx.a6KFA/dW8Tayjeu9kByGZLUGbBPzAm4hyHhhpvOjK8RQXe,physics,egarretb
hpegdenc@howstuffworks.com,35,$2a$10$3x22tx.a6KFA/dW8Tayjeu9kByGZLUGbBPzAm4hyHhhpvOjK8RQXe,physics,bfarnorthc
acanterd@forbes.com,39,$2a$10$3x22tx.a6KFA/dW8Tayjeu9kByGZLUGbBPzAm4hyHhhpvOjK8RQXe,physics,tennewd
gmalame@typepad.com,66,$2a$10$3x22tx.a6KFA/dW8Tayjeu9kByGZLUGbBPzAm4hyHhhpvOjK8RQXe,maths,cfilere
csoanesf@pcworld.com,75,$2a$10$3x22tx.a6KFA/dW8Tayjeu9kByGZLUGbBPzAm4hyHhhpvOjK8RQXe,physics,drecherf
panfossog@icio.us,50,$2a$10$3x22tx.a6KFA/dW8Tayjeu9kByGZLUGbBPzAm4hyHhhpvOjK8RQXe,physics,mgomezg
cattrilh@google.com.hk,13,$2a$10$3x22tx.a6KFA/dW8Tayjeu9kByGZLUGbBPzAm4hyHhhpvOjK8RQXe,physics,gbelloh
phutchini@amazon.com,81,$2a$10$3x22tx.a6KFA/dW8Tayjeu9kByGZLUGbBPzAm4hyHhhpvOjK8RQXe,physics,edignani
ireardonj@ebay.co.uk,86,$2a$10$3x22tx.a6KFA/dW8Tayjeu9kByGZLUGbBPzAm4hyHhhpvOjK8RQXe,physics,wblayneyj
klimrickk@artisteer.com,39,$2a$10$3x22tx.a6KFA/dW8Tayjeu9kByGZLUGbBPzAm4hyHhhpvOjK8RQXe,physics,mguyonk
aallnattl@macromedia.com,87,$2a$10$3x22tx.a6KFA/dW8Tayjeu9kByGZLUGbBPzAm4hyHhhpvOjK8RQXe,physics,ghoyerl
kiacapuccim@google.ru,55,$2a$10$3x22tx.a6KFA/dW8Tayjeu9kByGZLUGbBPzAm4hyHhhpvOjK8RQXe,physics,dkembleym
atrevann@howstuffworks.com,50,$2a$10$3x22tx.a6KFA/dW8Tayjeu9kByGZLUGbBPzAm4hyHhhpvOjK8RQXe,physics,wmccolln
sknightsbridgeo@gizmodo.com,77,$2a$10$3x22tx.a6KFA/dW8Tayjeu9kByGZLUGbBPzAm4hyHhhpvOjK8RQXe,physics,waitkino
sblundelp@eventbrite.com,33,$2a$10$3x22tx.a6KFA/dW8Tayjeu9kByGZLUGbBPzAm4hyHhhpvOjK8RQXe,physics,sdiamentp
pdoucetteq@uiuc.edu,73,$2a$10$3x22tx.a6KFA/dW8Tayjeu9kByGZLUGbBPzAm4hyHhhpvOjK8RQXe,physics,hingrahamq
fscrutonr@wsj.com,69,$2a$10$3x22tx.a6KFA/dW8Tayjeu9kByGZLUGbBPzAm4hyHhhpvOjK8RQXe,physics,fpedycanr
ntomaellos@imgur.com,58,$2a$10$3x22tx.a6KFA/dW8Tayjeu9kByGZLUGbBPzAm4hyHhhpvOjK8RQXe,physics,mbuckners
gmylant@home.pl,88,$2a$10$3x22tx.a6KFA/dW8Tayjeu9kByGZLUGbBPzAm4hyHhhpvOjK8RQXe,maths,tneillt
vlettereseu@nationalgeographic.com,98,$2a$10$3x22tx.a6KFA/dW8Tayjeu9kByGZLUGbBPzAm4hyHhhpvOjK8RQXe,maths,clicciardellou
tbewv@surveymonkey.com,64,$2a$10$3x22tx.a6KFA/dW8Tayjeu9kByGZLUGbBPzAm4hyHhhpvOjK8RQXe,maths,hswithenbyv
cleblancw@washingtonpost.com,51,$2a$10$3x22tx.a6KFA/dW8Tayjeu9kByGZLUGbBPzAm4hyHhhpvOjK8RQXe,maths,vpysonw
sshoubridgex@washington.edu,41,$2a$10$3x22tx.a6KFA/dW8Tayjeu9kByGZLUGbBPzAm4hyHhhpvOjK8RQXe,maths,kvarvellx
mgaigery@51.la,42,$2a$10$3x22tx.a6KFA/dW8Tayjeu9kByGZLUGbBPzAm4hyHhhpvOjK8RQXe,maths,eairsy
fhaworthz@who.int,26,$2a$10$3x22tx.a6KFA/dW8Tayjeu9kByGZLUGbBPzAm4hyHhhpvOjK8RQXe,maths,kbriertonz
rtatum10@jalbum.net,27,$2a$10$3x22tx.a6KFA/dW8Tayjeu9kByGZLUGbBPzAm4hyHhhpvOjK8RQXe,maths,gmaude10
dbaldocci11@chicagotribune.com,90,$2a$10$3x22tx.a6KFA/dW8Tayjeu9kByGZLUGbBPzAm4hyHhhpvOjK8RQXe,maths,gspawell11
gbye12@scribd.com,47,$2a$10$3x22tx.a6KFA/dW8Tayjeu9kByGZLUGbBPzAm4hyHhhpvOjK8RQXe,maths,csemens12
rcarabet13@dmoz.org,93,$2a$10$3x22tx.a6KFA/dW8Tayjeu9kByGZLUGbBPzAm4hyHhhpvOjK8RQXe,maths,obond13
rbroster14@salon.com,54,$2a$10$3x22tx.a6KFA/dW8Tayjeu9kByGZLUGbBPzAm4hyHhhpvOjK8RQXe,maths,cstileman14
jmcgilvra15@reverbnation.com,NULL,$2a$10$3x22tx.a6KFA/dW8Tayjeu9kByGZLUGbBPzAm4hyHhhpvOjK8RQXe,maths,bmcallan15
oschwant16@wikia.com,4,$2a$10$3x22tx.a6KFA/dW8Tayjeu9kByGZLUGbBPzAm4hyHhhpvOjK8RQXe,maths,jgalpen16
tmaxfield17@newsvine.com,12,$2a$10$3x22tx.a6KFA/dW8Tayjeu9kByGZLUGbBPzAm4hyHhhpvOjK8RQXe,maths,arafferty17
amalthouse18@icq.com,59,$2a$10$3x22tx.a6KFA/dW8Tayjeu9kByGZLUGbBPzAm4hyHhhpvOjK8RQXe,maths,hpryor18
mpalk19@ucoz.com,57,$2a$10$3x22tx.a6KFA/dW8Tayjeu9kByGZLUGbBPzAm4hyHhhpvOjK8RQXe,maths,kmaskelyne19
astibbs1a@canalblog.com,74,$2a$10$3x22tx.a6KFA/dW8Tayjeu9kByGZLUGbBPzAm4hyHhhpvOjK8RQXe,maths,vconor1a
glivesay1b@deviantart.com,40,$2a$10$3x22tx.a6KFA/dW8Tayjeu9kByGZLUGbBPzAm4hyHhhpvOjK8RQXe,maths,ogrube1b
lwhodcoat1c@dell.com,24,$2a$10$3x22tx.a6KFA/dW8Tayjeu9kByGZLUGbBPzAm4hyHhhpvOjK8RQXe,maths,bratie1c
ireedick1d@blinklist.com,93,$2a$10$3x22tx.a6KFA/dW8Tayjeu9kByGZLUGbBPzAm4hyHhhpvOjK8RQXe,maths,lweiner1d
ncockaday1e@mac.com,11,$2a$10$3x22tx.a6KFA/dW8Tayjeu9kByGZLUGbBPzAm4hyHhhpvOjK8RQXe,maths,mbugden1e
fheaps1f@epa.gov,38,$2a$10$3x22tx.a6KFA/dW8Tayjeu9kByGZLUGbBPzAm4hyHhhpvOjK8RQXe,maths,csiege1f
adowdall1g@edublogs.org,31,$2a$10$3x22tx.a6KFA/dW8Tayjeu9kByGZLUGbBPzAm4hyHhhpvOjK8RQXe,maths,bbrusin1g
egrace1h@who.int,6,$2a$10$3x22tx.a6KFA/dW8Tayjeu9kByGZLUGbBPzAm4hyHhhpvOjK8RQXe,comp sci,zsaiger1h
emustoe1i@yahoo.co.jp,41,$2a$10$3x22tx.a6KFA/dW8Tayjeu9kByGZLUGbBPzAm4hyHhhpvOjK8RQXe,comp sci,dnizet1i
rrolles1j@adobe.com,36,$2a$10$3x22tx.a6KFA/dW8Tayjeu9kByGZLUGbBPzAm4hyHhhpvOjK8RQXe,comp sci,lmulcock1j
cmoyler1k@ebay.co.uk,61,$2a$10$3x22tx.a6KFA/dW8Tayjeu9kByGZLUGbBPzAm4hyHhhpvOjK8RQXe,comp sci,jruddin1k
apeaker1l@illinois.edu,58,$2a$10$3x22tx.a6KFA/dW8Tayjeu9kByGZLUGbBPzAm4hyHhhpvOjK8RQXe,comp sci,gpyford1l
emcphilemy1m@skype.com,87,$2a$10$3x22tx.a6KFA/dW8Tayjeu9kByGZLUGbBPzAm4hyHhhpvOjK8RQXe,comp sci,mcastagno1m
ccornes1n@scribd.com,93,$2a$10$3x22tx.a6KFA/dW8Tayjeu9kByGZLUGbBPzAm4hyHhhpvOjK8RQXe,comp sci,tmiltonwhite1n
baiskovitch1o@cbc.ca,6,$2a$10$3x22tx.a6KFA/dW8Tayjeu9kByGZLUGbBPzAm4hyHhhpvOjK8RQXe,comp sci,meytel1o
fseydlitz1p@seesaa.net,66,$2a$10$3x22tx.a6KFA/dW8Tayjeu9kByGZLUGbBPzAm4hyHhhpvOjK8RQXe,comp sci,eszubert1p
abezarra1q@google.pl,4,$2a$10$3x22tx.a6KFA/dW8Tayjeu9kByGZLUGbBPzAm4hyHhhpvOjK8RQXe,comp sci,esander1q
dbolletti1r@biblegateway.com,45,$2a$10$3x22tx.a6KFA/dW8Tayjeu9kByGZLUGbBPzAm4hyHhhpvOjK8RQXe,comp sci,bboules1r
cdalloway1s@earthlink.net,62,$2a$10$3x22tx.a6KFA/dW8Tayjeu9kByGZLUGbBPzAm4hyHhhpvOjK8RQXe,comp sci,rogles1s
dgregolin1t@photobucket.com,55,$2a$10$3x22tx.a6KFA/dW8Tayjeu9kByGZLUGbBPzAm4hyHhhpvOjK8RQXe,comp sci,sdebiasio1t
jhallahan1u@gnu.org,76,$2a$10$3x22tx.a6KFA/dW8Tayjeu9kByGZLUGbBPzAm4hyHhhpvOjK8RQXe,comp sci,nculter1u
kdiggell1v@eventbrite.com,14,$2a$10$3x22tx.a6KFA/dW8Tayjeu9kByGZLUGbBPzAm4hyHhhpvOjK8RQXe,comp sci,afreshwater1v
emiles1w@twitter.com,98,$2a$10$3x22tx.a6KFA/dW8Tayjeu9kByGZLUGbBPzAm4hyHhhpvOjK8RQXe,comp sci,gambrois1w
uhardaker1x@imageshack.us,36,$2a$10$3x22tx.a6KFA/dW8Tayjeu9kByGZLUGbBPzAm4hyHhhpvOjK8RQXe,comp sci,ifernandez1x
stregidga1y@google.com.au,97,$2a$10$3x22tx.a6KFA/dW8Tayjeu9kByGZLUGbBPzAm4hyHhhpvOjK8RQXe,comp sci,rlefeuvre1y
jvillaret1z@independent.co.uk,86,$2a$10$3x22tx.a6KFA/dW8Tayjeu9kByGZLUGbBPzAm4hyHhhpvOjK8RQXe,comp sci,fchesnay1z
cnormand20@wix.com,62,$2a$10$3x22tx.a6KFA/dW8Tayjeu9kByGZLUGbBPzAm4hyHhhpvOjK8RQXe,comp sci,elehrian20
askpsey21@taobao.com,25,$2a$10$3x22tx.a6KFA/dW8Tayjeu9kByGZLUGbBPzAm4hyHhhpvOjK8RQXe,maths,kmocquer21
ctaleworth22@wisc.edu,100,$2a$10$3x22tx.a6KFA/dW8Tayjeu9kByGZLUGbBPzAm4hyHhhpvOjK8RQXe,maths,brumming22
wdefont23@columbia.edu,41,$2a$10$3x22tx.a6KFA/dW8Tayjeu9kByGZLUGbBPzAm4hyHhhpvOjK8RQXe,maths,gcutriss23
hkempston24@squarespace.com,15,$2a$10$3x22tx.a6KFA/dW8Tayjeu9kByGZLUGbBPzAm4hyHhhpvOjK8RQXe,maths,dhenstridge24
hfinders25@craigslist.org,26,$2a$10$3x22tx.a6KFA/dW8Tayjeu9kByGZLUGbBPzAm4hyHhhpvOjK8RQXe,maths,lellis25
tfeldfisher26@dailymotion.com,NULL,$2a$10$3x22tx.a6KFA/dW8Tayjeu9kByGZLUGbBPzAm4hyHhhpvOjK8RQXe,comp sci,screedland26
astollhofer27@github.com,20,$2a$10$3x22tx.a6KFA/dW8Tayjeu9kByGZLUGbBPzAm4hyHhhpvOjK8RQXe,maths,idelias27
bmatkovic28@ed.gov,49,$2a$10$3x22tx.a6KFA/dW8Tayjeu9kByGZLUGbBPzAm4hyHhhpvOjK8RQXe,maths,nlist28
kacutt29@eepurl.com,81,$2a$10$3x22tx.a6KFA/dW8Tayjeu9kByGZLUGbBPzAm4hyHhhpvOjK8RQXe,maths,emalenoir29
mlilford2a@mapy.cz,33,$2a$10$3x22tx.a6KFA/dW8Tayjeu9kByGZLUGbBPzAm4hyHhhpvOjK8RQXe,maths,rmix2a
opruce2b@japanpost.jp,54,$2a$10$3x22tx.a6KFA/dW8Tayjeu9kByGZLUGbBPzAm4hyHhhpvOjK8RQXe,chemistry,obenka2b
solivey2c@acquirethisname.com,86,$2a$10$3x22tx.a6KFA/dW8Tayjeu9kByGZLUGbBPzAm4hyHhhpvOjK8RQXe,chemistry,ddanbye2c
gkirwood2d@qq.com,1,$2a$10$3x22tx.a6KFA/dW8Tayjeu9kByGZLUGbBPzAm4hyHhhpvOjK8RQXe,chemistry,swegman2d
mkobiela2e@vistaprint.com,89,$2a$10$3x22tx.a6KFA/dW8Tayjeu9kByGZLUGbBPzAm4hyHhhpvOjK8RQXe,chemistry,sparsonage2e
ssmewin2f@mozilla.com,41,$2a$10$3x22tx.a6KFA/dW8Tayjeu9kByGZLUGbBPzAm4hyHhhpvOjK8RQXe,chemistry,gdeetch2f
cweatherhead2g@delicious.com,80,$2a$10$3x22tx.a6KFA/dW8Tayjeu9kByGZLUGbBPzAm4hyHhhpvOjK8RQXe,chemistry,aasher2g
eizard2h@discovery.com,17,$2a$10$3x22tx.a6KFA/dW8Tayjeu9kByGZLUGbBPzAm4hyHhhpvOjK8RQXe,chemistry,zgisbey2h
cdoncaster2i@auda.org.au,67,$2a$10$3x22tx.a6KFA/dW8Tayjeu9kByGZLUGbBPzAm4hyHhhpvOjK8RQXe,chemistry,rmatschek2i
fmcginnell2j@timesonline.co.uk,52,$2a$10$3x22tx.a6KFA/dW8Tayjeu9kByGZLUGbBPzAm4hyHhhpvOjK8RQXe,chemistry,bmcgibbon2j
aparlet2k@jiathis.com,5,$2a$10$3x22tx.a6KFA/dW8Tayjeu9kByGZLUGbBPzAm4hyHhhpvOjK8RQXe,chemistry,korwin2k
knassi2l@mlb.com,71,$2a$10$3x22tx.a6KFA/dW8Tayjeu9kByGZLUGbBPzAm4hyHhhpvOjK8RQXe,chemistry,mgorick2l
sbownde2m@typepad.com,64,$2a$10$3x22tx.a6KFA/dW8Tayjeu9kByGZLUGbBPzAm4hyHhhpvOjK8RQXe,chemistry,jklehyn2m
pledgeway2n@omniture.com,30,$2a$10$3x22tx.a6KFA/dW8Tayjeu9kByGZLUGbBPzAm4hyHhhpvOjK8RQXe,chemistry,omcwhan2n
shambly2o@pen.io,65,$2a$10$3x22tx.a6KFA/dW8Tayjeu9kByGZLUGbBPzAm4hyHhhpvOjK8RQXe,chemistry,hkach2o
eburrass2p@github.io,39,$2a$10$3x22tx.a6KFA/dW8Tayjeu9kByGZLUGbBPzAm4hyHhhpvOjK8RQXe,chemistry,sbaudry2p
mbeers2q@unicef.org,17,$2a$10$3x22tx.a6KFA/dW8Tayjeu9kByGZLUGbBPzAm4hyHhhpvOjK8RQXe,chemistry,dwolstenholme2q
